College,Admissions Page,Website
AI Miami International University of Art & Design,http://www.artinstitutes.edu/miami/admissions/apply-online.aspx,http://www.artinstitutes.edu/miami
AIB College of Business,https://forms.aib.edu/lincdoc/doc/run/aib/admitapp?inquryoradmission=Admission,http://www.aib.edu
Aiken Technical College,www.atc.edu/Apply/Academic-Admissions,https://www.atc.edu
Aims Community College,www.aims.edu/student/admissions/index.php,http://www.aims.edu
Al Akhawayn University,http://www.aui.ma/en/admissions/internationals/how-to-apply.html,http://www.aui.ma/en/
Alabama A&M University,www.aamu.edu/Admissions/Pages/default.aspx,http://www.aamu.edu/
Alabama Southern Community College,www.ascc.edu,http://www.ascc.edu/
Alabama State University,www.alasu.edu/admissions/index.aspx,http://www.alasu.edu
Alamance Community College,https://www.alamancecc.edu/admissions/,http://www.alamancecc.edu
Alaska Bible College,www.akbible.edu/admissions,http://www.akbible.edu/
Alaska Christian College,www.alaskacc.edu/admissions/apply,http://www.alaskacc.edu
Alaska Pacific University,www.alaskapacific.edu/apply/contact-admissions/,http://www.alaskapacific.edu
Albany College of Pharmacy and Health Sciences,www.acphs.edu/Admissions,http://www.acphs.edu
Albany State University,https://www.asurams.edu/admissions/,https://www.asurams.edu/
Albany Technical College,https://www.albanytech.edu/admissions/admissions,http://www.albanytech.edu
Albertus Magnus College,www.albertus.edu/undergraduate-degrees/,https://www.albertus.edu
Albion College,www.albion.edu/admission,http://www.albion.edu
Albizu University (Miami),www.albizu.edu/Admissions-and-Aid,http://www.albizu.edu
Albizu University (San Juan),www.albizu.edu/Admissions-and-Aid,http://www.albizu.edu/Home
Albright College,www.albright.edu/admit/home/,http://www.albright.edu
Alcorn State University,www.alcorn.edu/admissions,http://www.alcorn.edu
Alderson Broaddus University,ab.edu/future-students/meet-the-admissions-team/,http://www.ab.edu/
Alexander College,https://alexandercollege.ca/international-students/application/international-applicants/,https://alexandercollege.ca/
Alexandria Technical & Community College,www.alextech.edu/admissions,http://www.alextech.edu
Alfred University,www.alfred.edu/admissions/,http://www.alfred.edu
Alice Lloyd College,http://www.alc.edu/admissions/,http://www.alc.edu
Allan Hancock College,www.hancockcollege.edu/admissions_records/,http://www.hancockcollege.edu/
Allegany College of Maryland,www.allegany.edu/admissions/,http://www.allegany.edu
Allegheny College,www.allegheny.edu/admissions/,https://allegheny.edu
Allegheny Wesleyan College,awc.edu,http://awc.edu
Allen College,www.allencollege.edu/future-students.aspx,http://www.allencollege.edu
Allen Community College,www.allencc.edu,http://www.allencc.edu
Allen University,www.allenuniversity.edu/admissions/,http://www.allenuniversity.edu/
Alma College,admissions.alma.edu,http://alma.edu
Alpena Community College,www.alpenacc.edu,http://www.alpenacc.edu
Alvernia University,www.alvernia.edu/admissions/index.html,https://www.alvernia.edu
Alverno College,www.alverno.edu/admissions/,https://www.alverno.edu
Alvin Community College,www.alvincollege.edu/Admissions-Office,http://www.alvincollege.edu
Amarillo College,www.actx.edu/admission/,http://www.actx.edu
Amberton University,http://www.amberton.edu/how-to-apply/index.html,http://www.amberton.edu
American Academy McAllister Institute of Funeral Service,https://sonis.funeraleducation.org/studapp.cfm,http://www.funeraleducation.org
American Academy of Art,www.aaart.edu/admissions/,http://www.aaart.edu
American Academy of Dramatic Arts (Los Angeles),https://www.aada.edu/admissions/admissions-requirements/,http://www.aada.edu
American Academy of Dramatic Arts (New York),www.aada.edu/admissions/introduction.html,http://www.aada.edu
American Baptist College,www.abcnash.edu,http://www.abcnash.edu